Journal of Neuroscience | http://www.jneurosci.org/rss/current.xml
Nature Biotechnology | http://feeds.nature.com/nbt/rss/current
Nature Cell Biology | http://feeds.nature.com/ncb/rss/current
Nature Chemical Biology | http://feeds.nature.com/nchembio/rss/current
Nature Chemistry | http://feeds.nature.com/nchem/rss/current
Nature Climate Change | http://feeds.nature.com/nclimate/rss/current
Nature Energy | http://feeds.nature.com/nenergy/rss/current
Nature Genetics | http://feeds.nature.com/ng/rss/current
Nature Geoscience | http://feeds.nature.com/ngeo/rss/current
Nature Immunology | http://feeds.nature.com/ni/rss/current
Nature Materials | http://feeds.nature.com/nmat/rss/current
Nature Medicine | http://feeds.nature.com/nm/rss/current
Nature Methods | http://feeds.nature.com/nmeth/rss/current
Nature Microbiology | http://feeds.nature.com/nmicrobiol/rss/current
Nature Nanotechnology | http://feeds.nature.com/nnano/rss/current
Nature Photonics | http://feeds.nature.com/nphoton/rss/current
Nature Plants | http://feeds.nature.com/nplants/rss/current
Nature Structural & Molecular Biology | http://feeds.nature.com/nsmb/rss/current
Nature Reviews Cancer | http://feeds.nature.com/nrc/rss/current
Nature Reviews Disease Primers | http://feeds.nature.com/nrdp/rss/current
Nature Reviews Drug Discovery | http://feeds.nature.com/nrd/rss/current
Nature Reviews Genetics | http://feeds.nature.com/nrg/rss/current
Nature Reviews Immunology | http://feeds.nature.com/nri/rss/current
Nature Reviews Microbiology | http://feeds.nature.com/nrmicro/rss/current
Nature Reviews Molecular Cell Biology | http://feeds.nature.com/nrm/rss/current
Nature Reviews Cardiology | http://feeds.nature.com/nrcardio/rss/current
Nature Reviews Clinical Oncology | http://feeds.nature.com/nrclinonc/rss/current
Nature Reviews Endocrinology | http://feeds.nature.com/nrendo/rss/current
Nature Reviews Gastroenterology & Hepatology | http://feeds.nature.com/nrgastro/rss/current
Nature Reviews Nephrology | http://feeds.nature.com/nrneph/rss/current
Nature Reviews Neurology | http://feeds.nature.com/nrneurol/rss/current
Nature Reviews Rheumatology | http://feeds.nature.com/nrrheum/rss/current
Nature Reviews Urology | http://feeds.nature.com/nrurol/rss/current
Acta Pharmacologica Sinica | http://feeds.nature.com/aps/rss/current
Asian Journal of Andrology | http://feeds.nature.com/aja/rss/current
Bone Marrow Transplantation | http://feeds.nature.com/bmt/rss/current
BoneKEy Reports | http://feeds.nature.com/bonekeyreports/rss/current
Bone Research | http://feeds.nature.com/boneres/rss/current
British Dental Journal | http://feeds.nature.com/bdj/rss/current
British Journal of Cancer | http://feeds.nature.com/bjc/rss/current
Cancer Gene Therapy | http://feeds.nature.com/cgt/rss/current
Cell Death and Differentiation | http://feeds.nature.com/cdd/rss/current
Cell Death and Disease | http://feeds.nature.com/cddis/rss/current
Cell Discovery | http://feeds.nature.com/celldisc/rss/current
Cell Death Discovery | http://feeds.nature.com/cddiscovery/rss/current
Cell Research | http://feeds.nature.com/cr/rss/current
Cellular & Molecular Immunology | http://feeds.nature.com/cmi/rss/current
Clinical and Translational Gastroenterology | http://feeds.nature.com/ctg/rss/current
Emerging Microbes & Infections | http://feeds.nature.com/emi/rss/current
European Journal of Clinical Nutrition | http://feeds.nature.com/ejcn/rss/current
European Journal of Human Genetics | http://feeds.nature.com/ejhg/rss/current
Evidence-Based Dentistry | http://feeds.nature.com/ebd/rss/current
Eye | http://feeds.nature.com/eye/rss/current
Gene Therapy | http://feeds.nature.com/gt/rss/current
Genes and Immunity | http://feeds.nature.com/gene/rss/current
Heredity | http://feeds.nature.com/hdy/rss/current
Horticulture Research | http://feeds.nature.com/hortres/rss/current
Human Genome Variation | http://feeds.nature.com/hgv/rss/current
Hypertension Research | http://feeds.nature.com/hr/rss/current
IBMS BoneKEy | http://feeds.nature.com/bonekey/rss/current
Immunology and Cell Biology | http://feeds.nature.com/icb/rss/current
International Journal of Impotence Research | http://feeds.nature.com/ijir/rss/current
International Journal of Obesity | http://feeds.nature.com/ijo/rss/current
International Journal of Obesity Supplements | http://feeds.nature.com/ijosup/current_issue/rss
International Journal of Oral Science | http://feeds.nature.com/ijos/rss/current
Journal of Exposure Science and Environmental Epidemiology | http://feeds.nature.com/jes/rss/current
Journal of Exposure Science and Environmental Epidemiology - AOP | http://feeds.nature.com/jes/rss/aop
Journal of Human Genetics | http://feeds.nature.com/jhg/rss/current
Journal of Human Hypertension | http://feeds.nature.com/jhh/rss/current
Journal of Perinatology | http://feeds.nature.com/jp/rss/current
Laboratory Investigation | http://feeds.nature.com/labinvest/current/rss
Leukemia | http://feeds.nature.com/leu/rss/current
Leukemia Supplements | http://feeds.nature.com/leusup/rss/current
Light: Science & Applications | http://feeds.nature.com/lsa/rss/current
Microsystems & Nanoengineering | http://feeds.nature.com/micronano/rss/current
Modern Pathology | http://feeds.nature.com/modpathol/rss/current
Molecular Systems Biology | http://feeds.nature.com/msb/rss/current
Mucosal Immunology | http://feeds.nature.com/mi/rss/current
Neuropsychopharmacology | http://feeds.nature.com/npp/rss/current
NPG Asia Materials | http://feeds.nature.com/am/rss/current
npj Aging and Mechanisms of Disease | http://feeds.nature.com/npjamd/rss/current
npj Biofilms and Microbiomes | http://feeds.nature.com/npjbiofilms/rss/current
npj Breast Cancer | http://feeds.nature.com/npjbcancer/rss/current
npj Genomic Medicine | http://feeds.nature.com/npjgenmed/rss/current
npj Microgravity | http://feeds.nature.com/npjmgrav/rss/current
npj Primary Care Respiratory Medicine | http://feeds.nature.com/npjpcrm/rss/current
npj Quantum Information | http://feeds.nature.com/npjqi/rss/current
npj Quantum Materials | http://feeds.nature.com/npjquantmats/rss/current
npj Regenerative Medicine | http://feeds.nature.com/npjregenmed/rss/current
npj Science of Learning | http://feeds.nature.com/npjscilearn/rss/current
npj Schizophrenia | http://feeds.nature.com/npjschz/rss/current
npj Systems Biology and Applications | http://feeds.nature.com/npjsba/rss/current
npj Vaccines | http://feeds.nature.com/npjvaccines/rss/current
Oncogene | http://feeds.nature.com/onc/rss/current
Pediatric Research | http://feeds.nature.com/pr/rss/current
The Pharmacogenomics Journal | http://feeds.nature.com/tpj/rss/current
Prostate Cancer and Prostatic Diseases | http://feeds.nature.com/pcan/rss/current
Scientific Data | http://feeds.nature.com/sdata/rss/current
Signal Transduction and Targeted Therapy | http://feeds.nature.com/sigtrans/rss/current
Spinal Cord | http://feeds.nature.com/sc/rss/current
Spinal Cord Series and Cases | http://feeds.nature.com/scsandc/rss/current
Translational Psychiatry | http://feeds.nature.com/tp/rss/current
SciBX: Science-Business eXchange | http://feeds.nature.com/scibx/rss/current
Structural Biology Knowledgebase | http://www.sbkb.org/KB/whatsnew.rdf
NEJM | http://www.nejm.org/action/showFeed?jc=nejm&type=etoc&feed=rss
Acta Haematologica Polonica | http://rss.sciencedirect.com/publication/science/00015814
Acta Tropica | http://rss.sciencedirect.com/publication/science/0001706X
Cancel Cell | http://www.cell.com/cancer-cell/inpress.rss
Mol Cell | http://www.cell.com/molecular-cell/current.rss
Trends in Imm | http://www.cell.com/trends/immunology/current.rss
Trends in Microbiology | http://www.cell.com/trends/microbiology/current.rss
Trends in Molecular Medicine | http://www.cell.com/trends/molecular-medicine/current.rss
Trends in Parasitology | http://www.cell.com/trends/parasitology/current.rss
Trends in Pharmacologica | http://www.cell.com/trends/pharmacological-sciences/current.rss
Plant Science | http://www.cell.com/trends/plant-science/current.rss
Trends in Neuroscience | http://www.cell.com/trends/neurosciences/current.rss
Trends in Genetics | http://www.cell.com/trends/genetics/current.rss
Trends in Cognitive Sciences | http://www.cell.com/trends/cognitive-sciences/current.rss
Spatial Vision | http://booksandjournals.brillonline.com/rss/content/journals/15685683/latestarticles?fmt=rss
SIAM Journal of Applied Mathematics | http://epubs.siam.org/action/showFeed?ui=0&mi=8psokw&ai=s3&jc=smjmap&type=etoc&feed=rss
Sensors and Actuators B: Chemical | http://rss.sciencedirect.com/publication/science/09254005
Seminars in Cell and Developmental Biology | http://rss.sciencedirect.com/publication/science/10849521
Scientific Reports | http://feeds.nature.com/srep/rss/current
Science Signalling | http://stke.sciencemag.org/rss/current.xml
Science | http://science.sciencemag.org/rss/current.xml
Science Advances | http://advances.sciencemag.org/rss/current.xml
Physical Review Letters | http://feeds.aps.org/rss/recent/prl.xml
Physical Review X | http://feeds.aps.org/rss/recent/prx.xml
Reviews of Modern Physics | http://feeds.aps.org/rss/recent/rmp.xml
Physical Review Applied | http://feeds.aps.org/rss/recent/prapplied.xml
Physical Review Fluids | http://feeds.aps.org/rss/recent/prfluids.xml
Physical Review A | http://feeds.aps.org/rss/recent/pra.xml
Physical Review B | http://feeds.aps.org/rss/recent/prb.xml
Physical Review C | http://feeds.aps.org/rss/recent/prc.xml
Physical Review D | http://feeds.aps.org/rss/recent/prd.xml
Physical Review E | http://feeds.aps.org/rss/recent/pre.xml
PNAS | http://www.pnas.org/rss/current.xml
PLoS Biology | http://feeds.plos.org/plosbiology/NewArticles?format=xml
PLoS Medicine | http://feeds.plos.org/plosmedicine/NewArticles?format=xml
PLoS Computational Biology | http://feeds.plos.org/ploscompbiol/NewArticles?format=xml
PLoS Genetics | http://feeds.plos.org/plosgenetics/NewArticles?format=xml
PLoS Pathogens | http://feeds.plos.org/plospathogens/NewArticles?format=xml
PLoS ONE | http://journals.plos.org/plosone/search/feed/atom?sortOrder=DATE_NEWEST_FIRST&filterJournals=PLoSONE&unformattedQuery=
Cell Physiology | http://ajpcell.physiology.org/rss/current.xml
Annual Review of Analytical Chemistry  | http://www.annualreviews.org/action/showFeed?ui=45mu4&mi=3fndc3&ai=6690&jc=anchem&type=etoc&feed=rss
Annual Review of Animal Biosciences  | http://www.annualreviews.org/action/showFeed?ui=45mu4&mi=3fndc3&ai=6690&jc=animal&type=etoc&feed=rss
Annual Review of Anthropology  | http://www.annualreviews.org/action/showFeed?ui=45mu4&mi=3fndc3&ai=sz&jc=anthro&type=etoc&feed=rss
Annual Review of Astronomy and Astrophysics  | http://www.annualreviews.org/action/showFeed?ui=45mu4&mi=3fndc3&ai=6690&jc=astro&type=etoc&feed=rss
Annual Review of Biochemistry  | http://www.annualreviews.org/action/showFeed?ui=45mu4&mi=3fndc3&ai=se&jc=biochem&type=etoc&feed=rss
Annual Review of Biomedical Engineering  | http://www.annualreviews.org/action/showFeed?ui=45mu4&mi=3fndc3&ai=sb&jc=bioeng&type=etoc&feed=rss
Annual Review of Biophysics  | http://www.annualreviews.org/action/showFeed?ui=45mu4&mi=3fndc3&ai=s7&jc=biophys&type=etoc&feed=rss
Annual Review of Cell and Developmental Biology  | http://www.annualreviews.org/action/showFeed?ui=45mu4&mi=3fndc3&ai=sg&jc=cellbio&type=etoc&feed=rss
Annual Review of Chemical and Biomolecular Engineering  | http://www.annualreviews.org/action/showFeed?ui=45mu4&mi=3fndc3&ai=68uv&jc=chembioeng&type=etoc&feed=rss
Annual Review of Clinical Psychology  | http://www.annualreviews.org/action/showFeed?ui=45mu4&mi=3fndc3&ai=18f&jc=clinpsy&type=etoc&feed=rss
Annual Review of Condensed Matter Physics  | http://www.annualreviews.org/action/showFeed?ui=45mu4&mi=3fndc3&ai=68t8&jc=conmatphys&type=etoc&feed=rss
Annual Review of Earth and Planetary Sciences  | http://www.annualreviews.org/action/showFeed?ui=45mu4&mi=3fndc3&ai=s0&jc=earth&type=etoc&feed=rss%20
Annual Review of Ecology, Evolution, and Systematics  | http://www.annualreviews.org/action/showFeed?ui=45mu4&mi=3fndc3&ai=sh&jc=ecolsys&type=etoc&feed=rss
Annual Review of Economics  | http://www.annualreviews.org/action/showFeed?ui=45mu4&mi=3fndc3&ai=67b7&jc=economics&type=etoc&feed=rss%20
Annual Review of Entomology  | http://www.annualreviews.org/action/showFeed?ui=45mu4&mi=3fndc3&ai=si&jc=ento&type=etoc&feed=rss
Annual Review of Environment and Resources  | http://www.annualreviews.org/action/showFeed?ui=45mu4&mi=3fndc3&ai=su&jc=energy&type=etoc&feed=rss
Annual Review of Financial Economics  | http://www.annualreviews.org/action/showFeed?ui=45mu4&mi=3fndc3&ai=67c8&jc=financial&type=etoc&feed=rss
Annual Review of Fluid Mechanics  | http://www.annualreviews.org/action/showFeed?ui=45mu4&mi=3fndc3&ai=sv&jc=fluid&type=etoc&feed=rss
Annual Review of Food Science and Technology  | http://www.annualreviews.org/action/showFeed?ui=45mu4&mi=3fndc3&ai=68da&jc=food&type=etoc&feed=rss
Annual Review of Genetics  | http://www.annualreviews.org/action/showFeed?ui=45mu4&mi=3fndc3&ai=sj&jc=genet&type=etoc&feed=rss
Annual Review of Genomics and Human Genetics  | http://www.annualreviews.org/action/showFeed?ui=45mu4&mi=3fndc3&ai=sk&jc=genom&type=etoc&feed=rss
Annual Review of Immunology  | http://www.annualreviews.org/action/showFeed?ui=45mu4&mi=3fndc3&ai=sl&jc=immunol&type=etoc&feed=rss
Annual Review of Law and Social Science  | http://www.annualreviews.org/action/showFeed?ui=45mu4&mi=3fndc3&ai=1k4&jc=lawsocsci&type=etoc&feed=rss
Annual Review of Linguistics  | http://www.annualreviews.org/action/showFeed?ui=45mu4&mi=3fndc3&ai=6690&jc=linguistics&type=etoc&feed=rss
Annual Review of Marine Science  | http://www.annualreviews.org/action/showFeed?ui=45mu4&mi=3fndc3&ai=6726&jc=marine&type=etoc&feed=rss
Annual Review of Materials Research  | http://www.annualreviews.org/action/showFeed?ui=45mu4&mi=3fndc3&ai=sw&jc=matsci&type=etoc&feed=rss
Annual Review of Medicine  | http://www.annualreviews.org/action/showFeed?ui=45mu4&mi=3fndc3&ai=sm&jc=med&type=etoc&feed=rss
Annual Review of Microbiology  | http://www.annualreviews.org/action/showFeed?ui=45mu4&mi=3fndc3&ai=sn&jc=micro&type=etoc&feed=rss
Annual Review of Neuroscience  | http://www.annualreviews.org/action/showFeed?ui=45mu4&mi=3fndc3&ai=s2&jc=neuro&type=etoc&feed=rss
Annual Review of Nuclear and Particle Science  | http://www.annualreviews.org/action/showFeed?ui=45mu4&mi=3fndc3&ai=sx&jc=nucl&type=etoc&feed=rss
Annual Review of Nutrition  | http://www.annualreviews.org/action/showFeed?ui=45mu4&mi=3fndc3&ai=rz&jc=nutr&type=etoc&feed=rss
Annual Review of Organizational Psychology and Organizational Behavior  | http://www.annualreviews.org/action/showFeed?ui=45mu4&mi=3fndc3&ai=6690&jc=orgpsych&type=etoc&feed=rss
Annual Review of Pathology Mechanisms of Disease  | http://www.annualreviews.org/action/showFeed?ui=45mu4&mi=3fndc3&ai=1xd&jc=pathmechdis&type=etoc&feed=rss
Annual Review of Pharmacology and Toxicology  | http://www.annualreviews.org/action/showFeed?ui=45mu4&mi=3fndc3&ai=so&jc=pharmtox&type=etoc&feed=rss
Annual Review of Physical Chemistry  | http://www.annualreviews.org/action/showFeed?ui=45mu4&mi=3fndc3&ai=sy&jc=physchem&type=etoc&feed=rss
Annual Review of Physiology  | http://www.annualreviews.org/action/showFeed?ui=45mu4&mi=3fndc3&ai=sp&jc=physiol&type=etoc&feed=rss
Annual Review of Phytopathology  | http://www.annualreviews.org/action/showFeed?ui=45mu4&mi=3fndc3&ai=sq&jc=phyto&type=etoc&feed=rss
Annual Review of Plant Biology  | http://www.annualreviews.org/action/showFeed?ui=45mu4&mi=3fndc3&ai=sr&jc=arplant&type=etoc&feed=rss
Annual Review of Political Science  | http://www.annualreviews.org/action/showFeed?ui=45mu4&mi=3fndc3&ai=rx&jc=polisci&type=etoc&feed=rss
Annual Review of Psychology  | http://www.annualreviews.org/action/showFeed?ui=45mu4&mi=3fndc3&ai=s1&jc=psych&type=etoc&feed=rss
Annual Review of Public Health  | http://www.annualreviews.org/action/showFeed?ui=45mu4&mi=3fndc3&ai=ss&jc=publhealth&type=etoc&feed=rss
Annual Review of Resource Economics  | http://www.annualreviews.org/action/showFeed?ui=45mu4&mi=3fndc3&ai=67c9&jc=resource&type=etoc&feed=rss
Annual Review of Sociology  | http://www.annualreviews.org/action/showFeed?ui=45mu4&mi=3fndc3&ai=t0&jc=soc&type=etoc&feed=rss%20
Annual Review of Statistics and Its Application  | http://www.annualreviews.org/action/showFeed?ui=45mu4&mi=3fndc3&ai=6690&jc=statistics&type=etoc&feed=rss
Annual Review of Virology  | http://www.annualreviews.org/action/showFeed?ui=45mu4&mi=3fndc3&ai=6690&jc=virology&type=etoc&feed=rss
Annual Review of Vision Science  | http://www.annualreviews.org/action/showFeed?ui=45mu4&mi=3fndc3&ai=6690&jc=vision&type=etoc&feed=rss
African Arts     | http://www.mitpressjournals.org/action/showFeed?ui=0&mi=6euzik&ai=tb&jc=afar&type=etoc&feed=rss
American Journal of Health Economics     | http://www.mitpressjournals.org/action/showFeed?ui=0&mi=6euzjp&ai=xo4&jc=ajhe&type=etoc&feed=rss
Artificial Life     | http://www.mitpressjournals.org/action/showFeed?ui=0&mi=6euzko&ai=s3&jc=artl&type=etoc&feed=rss
ARTMargins     | http://www.mitpressjournals.org/action/showFeed?ui=0&mi=6euzlt&ai=q1a&jc=artm&type=etoc&feed=rss
Asian Development Review     | http://www.mitpressjournals.org/action/showFeed?ui=0&mi=6euzml&ai=srr&jc=adev&type=etoc&feed=rss
Asian Economic Papers     | http://www.mitpressjournals.org/action/showFeed?ui=0&mi=6euzna&ai=sp&jc=asep&type=etoc&feed=rss
Computational Linguistics     | http://www.mitpressjournals.org/action/showFeed?ui=0&mi=6euzo4&ai=t0&jc=coli&type=etoc&feed=rss
Computer Music Journal     | http://www.mitpressjournals.org/action/showFeed?ui=0&mi=6euzpq&ai=sj&jc=comj&type=etoc&feed=rss
Design Issues     | http://www.mitpressjournals.org/action/showFeed?ui=0&mi=6euzqp&ai=tz&jc=desi&type=etoc&feed=rss
Daedalus     | http://www.mitpressjournals.org/action/showFeed?ui=0&mi=6euzrg&ai=sr&jc=daed&type=etoc&feed=rss
Education Finance and Policy     | http://www.mitpressjournals.org/action/showFeed?ui=0&mi=6euzsd&ai=tx&jc=edfp&type=etoc&feed=rss
Evolutionary Computation     | http://www.mitpressjournals.org/action/showFeed?ui=0&mi=6euzt5&ai=t9&jc=evco&type=etoc&feed=rss
Global Environmental Politics     | http://www.mitpressjournals.org/action/showFeed?ui=0&mi=6euzu3&ai=sa&jc=glep&type=etoc&feed=rss
Grey Room     | http://www.mitpressjournals.org/action/showFeed?ui=0&mi=6euzvd&ai=u0&jc=grey&type=etoc&feed=rss
Innovations: Technology, Governance, Globalization     | http://www.mitpressjournals.org/action/showFeed?ui=0&mi=6euzwf&ai=s8&jc=itgg&type=etoc&feed=rss
International Security     | http://www.mitpressjournals.org/action/showFeed?ui=0&mi=6euzxd&ai=t2&jc=isec&type=etoc&feed=rss
Journal of Cognitive Neuroscience     | http://www.mitpressjournals.org/action/showFeed?ui=0&mi=6euzy5&ai=t1&jc=jocn&type=etoc&feed=rss
Journal of Cold War Studies     | http://www.mitpressjournals.org/action/showFeed?ui=0&mi=6euzz3&ai=s7&jc=jcws&type=etoc&feed=rss
Journal of Interdisciplinary History     | http://www.mitpressjournals.org/action/showFeed?ui=0&mi=6ev002&ai=sb&jc=jinh&type=etoc&feed=rss
Leonardo     | http://www.mitpressjournals.org/action/showFeed?ui=0&mi=6ev00z&ai=sy&jc=leon&type=etoc&feed=rss
Leonardo Music Journal     | http://www.mitpressjournals.org/action/showFeed?ui=0&mi=6ev028&ai=sh&jc=lmj&type=etoc&feed=rss
Linguistic Inquiry     | http://www.mitpressjournals.org/action/showFeed?ui=0&mi=6ev037&ai=sk&jc=ling&type=etoc&feed=rss
Neural Computation     | http://www.mitpressjournals.org/action/showFeed?ui=0&mi=6ev048&ai=sl&jc=neco&type=etoc&feed=rss
The New England Quarterly     | http://www.mitpressjournals.org/action/showFeed?ui=0&mi=6ev056&ai=bju&jc=tneq&type=etoc&feed=rss
October     | http://www.mitpressjournals.org/action/showFeed?ui=0&mi=6ev06f&ai=ta&jc=octo&type=etoc&feed=rss
Open Mind     | http://www.mitpressjournals.org/action/showFeed?ui=0&mi=6ev07f&ai=11qg&jc=opmi&type=etoc&feed=rss
PAJ: A Journal of Performance and Art     | http://www.mitpressjournals.org/action/showFeed?ui=0&mi=6ev08i&ai=sz&jc=pajj&type=etoc&feed=rss
Perspectives on Science     | http://www.mitpressjournals.org/action/showFeed?ui=0&mi=6ev0a3&ai=tj&jc=posc&type=etoc&feed=rss
Presence: Teleoperators and Virtual Environments     | http://www.mitpressjournals.org/action/showFeed?ui=0&mi=6ev0b1&ai=th&jc=pres&type=etoc&feed=rss
TDR/The Drama Review     | http://www.mitpressjournals.org/action/showFeed?ui=0&mi=6ev0cd&ai=tn&jc=dram&type=etoc&feed=rss
Review of Economics and Statistics     | http://www.mitpressjournals.org/action/showFeed?ui=0&mi=6ev0db&ai=sx&jc=rest&type=etoc&feed=rss
Acta Neuropathologica Communications    | http://actaneurocomms.biomedcentral.com/articles/most-recent/rss.xml
Acta Veterinaria Scandinavica    | http://actavetscand.biomedcentral.com/articles/most-recent/rss.xml
Addiction Science & Clinical Practice    | http://ascpjournal.biomedcentral.com/articles/most-recent/rss.xml
Advances in Simulation    | http://advancesinsimulation.biomedcentral.com/articles/most-recent/rss.xml
Agriculture & Food Security    | http://agricultureandfoodsecurity.biomedcentral.com/articles/most-recent/rss.xml
AIDS Research and Therapy    | http://aidsrestherapy.biomedcentral.com/articles/most-recent/rss.xml
Algorithms for Molecular Biology    | http://almob.biomedcentral.com/articles/most-recent/rss.xml
Allergy, Asthma & Clinical Immunology    | http://aacijournal.biomedcentral.com/articles/most-recent/rss.xml
Alzheimer's Research & Therapy    | http://alzres.biomedcentral.com/articles/most-recent/rss.xml
Animal Biotelemetry    | http://animalbiotelemetry.biomedcentral.com/articles/most-recent/rss.xml
Annals of Clinical Microbiology and Antimicrobials    | http://ann-clinmicrob.biomedcentral.com/articles/most-recent/rss.xml
Annals of General Psychiatry    | http://annals-general-psychiatry.biomedcentral.com/articles/most-recent/rss.xml
Annals of Occupational and Environmental Medicine    | http://aoemj.biomedcentral.com/articles/most-recent/rss.xml
Antimicrobial Resistance & Infection Control    | http://aricjournal.biomedcentral.com/articles/most-recent/rss.xml
Applied Cancer Research   Home | http://appliedcr.biomedcentral.com/articles/most-recent/rss.xml
Archives of Physiotherapy    | http://archivesphysiotherapy.biomedcentral.com/articles/most-recent/rss.xml
Archives of Public Health    | http://archpublichealth.biomedcentral.com/articles/most-recent/rss.xml
Arthritis Research & Therapy    | http://arthritis-research.biomedcentral.com/articles/most-recent/rss.xml
Asia Pacific Family Medicine    | http://apfmj.biomedcentral.com/articles/most-recent/rss.xml
Asthma Research and Practice    | http://asthmarp.biomedcentral.com/articles/most-recent/rss.xml
Avian Research    | http://avianres.biomedcentral.com/articles/most-recent/rss.xml
Basic and Clinical Andrology    | http://bacandrology.biomedcentral.com/articles/most-recent/rss.xml
Behavioral and Brain Functions    | http://behavioralandbrainfunctions.biomedcentral.com/articles/most-recent/rss.xml
Big Data Analytics    | http://bdataanalytics.biomedcentral.com/articles/most-recent/rss.xml
BioData Mining    | http://biodatamining.biomedcentral.com/articles/most-recent/rss.xml
Biological Procedures Online    | http://biologicalproceduresonline.biomedcentral.com/articles/most-recent/rss.xml
Biological Research    | http://biolres.biomedcentral.com/articles/most-recent/rss.xml
Biology Direct    | http://biologydirect.biomedcentral.com/articles/most-recent/rss.xml
Biology of Sex Differences    | http://bsd.biomedcentral.com/articles/most-recent/rss.xml
Biomarker Research    | http://biomarkerres.biomedcentral.com/articles/most-recent/rss.xml
Biomaterials Research    | http://biomaterialsres.biomedcentral.com/articles/most-recent/rss.xml
BioMedical Engineering OnLine    | http://biomedical-engineering-online.biomedcentral.com/articles/most-recent/rss.xml
BioPsychoSocial Medicine    | http://bpsmedicine.biomedcentral.com/articles/most-recent/rss.xml
Biotechnology for Biofuels    | http://biotechnologyforbiofuels.biomedcentral.com/articles/most-recent/rss.xml
BMC Anesthesiology    | http://bmcanesthesiol.biomedcentral.com/articles/most-recent/rss.xml
BMC Biochemistry    | http://bmcbiochem.biomedcentral.com/articles/most-recent/rss.xml
BMC Bioinformatics    | http://bmcbioinformatics.biomedcentral.com/articles/most-recent/rss.xml
BMC Biology    | http://bmcbiol.biomedcentral.com/articles/most-recent/rss.xml
BMC Biophysics    | http://bmcbiophys.biomedcentral.com/articles/most-recent/rss.xml
BMC Biotechnology    | http://bmcbiotechnol.biomedcentral.com/articles/most-recent/rss.xml
BMC Cancer    | http://bmccancer.biomedcentral.com/articles/most-recent/rss.xml
BMC Cardiovascular Disorders    | http://bmccardiovascdisord.biomedcentral.com/articles/most-recent/rss.xml
BMC Cell Biology    | http://bmccellbiol.biomedcentral.com/articles/most-recent/rss.xml
BMC Clinical Pathology    | http://bmcclinpathol.biomedcentral.com/articles/most-recent/rss.xml
BMC Complementary and Alternative Medicine    | http://bmccomplementalternmed.biomedcentral.com/articles/most-recent/rss.xml
BMC Dermatology    | http://bmcdermatol.biomedcentral.com/articles/most-recent/rss.xml
BMC Developmental Biology    | http://bmcdevbiol.biomedcentral.com/articles/most-recent/rss.xml
BMC Ear, Nose and Throat Disorders    | http://bmcearnosethroatdisord.biomedcentral.com/articles/most-recent/rss.xml
BMC Ecology    | http://bmcecol.biomedcentral.com/articles/most-recent/rss.xml
BMC Emergency Medicine    | http://bmcemergmed.biomedcentral.com/articles/most-recent/rss.xml
BMC Endocrine Disorders    | http://bmcendocrdisord.biomedcentral.com/articles/most-recent/rss.xml
BMC Evolutionary Biology    | http://bmcevolbiol.biomedcentral.com/articles/most-recent/rss.xml
BMC Family Practice    | http://bmcfampract.biomedcentral.com/articles/most-recent/rss.xml
BMC Gastroenterology    | http://bmcgastroenterol.biomedcentral.com/articles/most-recent/rss.xml
BMC Genetics    | http://bmcgenet.biomedcentral.com/articles/most-recent/rss.xml
BMC Genomics    | http://bmcgenomics.biomedcentral.com/articles/most-recent/rss.xml
BMC Geriatrics    | http://bmcgeriatr.biomedcentral.com/articles/most-recent/rss.xml
BMC Health Services Research    | http://bmchealthservres.biomedcentral.com/articles/most-recent/rss.xml
BMC Hematology    | http://bmchematol.biomedcentral.com/articles/most-recent/rss.xml
BMC Immunology    | http://bmcimmunol.biomedcentral.com/articles/most-recent/rss.xml
BMC Infectious Diseases    | http://bmcinfectdis.biomedcentral.com/articles/most-recent/rss.xml
BMC International Health and Human Rights    | http://bmcinthealthhumrights.biomedcentral.com/articles/most-recent/rss.xml
BMC Medical Education    | http://bmcmededuc.biomedcentral.com/articles/most-recent/rss.xml
BMC Medical Ethics    | http://bmcmedethics.biomedcentral.com/articles/most-recent/rss.xml
BMC Medical Genetics    | http://bmcmedgenet.biomedcentral.com/articles/most-recent/rss.xml
BMC Medical Genomics    | http://bmcmedgenomics.biomedcentral.com/articles/most-recent/rss.xml
BMC Medical Imaging    | http://bmcmedimaging.biomedcentral.com/articles/most-recent/rss.xml
BMC Medical Informatics and Decision Making    | http://bmcmedinformdecismak.biomedcentral.com/articles/most-recent/rss.xml
BMC Medical Research Methodology    | http://bmcmedresmethodol.biomedcentral.com/articles/most-recent/rss.xml
BMC Medicine    | http://bmcmedicine.biomedcentral.com/articles/most-recent/rss.xml
BMC Microbiology    | http://bmcmicrobiol.biomedcentral.com/articles/most-recent/rss.xml
BMC Molecular Biology    | http://bmcmolbiol.biomedcentral.com/articles/most-recent/rss.xml
BMC Musculoskeletal Disorders    | http://bmcmusculoskeletdisord.biomedcentral.com/articles/most-recent/rss.xml
BMC Nephrology    | http://bmcnephrol.biomedcentral.com/articles/most-recent/rss.xml
BMC Neurology    | http://bmcneurol.biomedcentral.com/articles/most-recent/rss.xml
BMC Neuroscience    | http://bmcneurosci.biomedcentral.com/articles/most-recent/rss.xml
BMC Nursing    | http://bmcnurs.biomedcentral.com/articles/most-recent/rss.xml
BMC Nutrition    | http://bmcnutr.biomedcentral.com/articles/most-recent/rss.xml
BMC Obesity    | http://bmcobes.biomedcentral.com/articles/most-recent/rss.xml
BMC Ophthalmology    | http://bmcophthalmol.biomedcentral.com/articles/most-recent/rss.xml
BMC Oral Health    | http://bmcoralhealth.biomedcentral.com/articles/most-recent/rss.xml
BMC Palliative Care    | http://bmcpalliatcare.biomedcentral.com/articles/most-recent/rss.xml
BMC Pediatrics    | http://bmcpediatr.biomedcentral.com/articles/most-recent/rss.xml
BMC Pharmacology and Toxicology    | http://bmcpharmacoltoxicol.biomedcentral.com/articles/most-recent/rss.xml
BMC Physiology    | http://bmcphysiol.biomedcentral.com/articles/most-recent/rss.xml
BMC Plant Biology    | http://bmcplantbiol.biomedcentral.com/articles/most-recent/rss.xml
BMC Pregnancy and Childbirth    | http://bmcpregnancychildbirth.biomedcentral.com/articles/most-recent/rss.xml
BMC Proceedings    | http://bmcproc.biomedcentral.com/articles/most-recent/rss.xml
BMC Psychiatry    | http://bmcpsychiatry.biomedcentral.com/articles/most-recent/rss.xml
BMC Psychology    | http://bmcpsychology.biomedcentral.com/articles/most-recent/rss.xml
BMC Public Health    | http://bmcpublichealth.biomedcentral.com/articles/most-recent/rss.xml
BMC Pulmonary Medicine    | http://bmcpulmmed.biomedcentral.com/articles/most-recent/rss.xml
BMC Research Notes    | http://bmcresnotes.biomedcentral.com/articles/most-recent/rss.xml
BMC Sports Science, Medicine and Rehabilitation    | http://bmcsportsscimedrehabil.biomedcentral.com/articles/most-recent/rss.xml
BMC Structural Biology    | http://bmcstructbiol.biomedcentral.com/articles/most-recent/rss.xml
BMC Surgery    | http://bmcsurg.biomedcentral.com/articles/most-recent/rss.xml
BMC Systems Biology    | http://bmcsystbiol.biomedcentral.com/articles/most-recent/rss.xml
BMC Urology    | http://bmcurol.biomedcentral.com/articles/most-recent/rss.xml
BMC Veterinary Research    | http://bmcvetres.biomedcentral.com/articles/most-recent/rss.xml
BMC Women's Health    | http://bmcwomenshealth.biomedcentral.com/articles/most-recent/rss.xml
BMC Zoology    | http://bmczool.biomedcentral.com/articles/most-recent/rss.xml
Borderline Personality Disorder and Emotion Dysregulation    | http://bpded.biomedcentral.com/articles/most-recent/rss.xml
Breast Cancer Research    | http://breast-cancer-research.biomedcentral.com/articles/most-recent/rss.xml
Burns & Trauma    | http://burnstrauma.biomedcentral.com/articles/most-recent/rss.xml
Cancer & Metabolism    | http://cancerandmetabolism.biomedcentral.com/articles/most-recent/rss.xml
Cancer Cell International    | http://cancerci.biomedcentral.com/articles/most-recent/rss.xml
Cancer Imaging    | http://cancerimagingjournal.biomedcentral.com/articles/most-recent/rss.xml
Cancers of the Head & Neck   Home | http://cancersheadneck.biomedcentral.com/articles/most-recent/rss.xml
Canine Genetics and Epidemiology    | http://cgejournal.biomedcentral.com/articles/most-recent/rss.xml
Cardio-Oncology    | http://cardiooncologyjournal.biomedcentral.com/articles/most-recent/rss.xml
Cardiovascular Diabetology    | http://cardiab.biomedcentral.com/articles/most-recent/rss.xml
Cardiovascular Ultrasound    | http://cardiovascularultrasound.biomedcentral.com/articles/most-recent/rss.xml
Cell & Bioscience    | http://cellandbioscience.biomedcentral.com/articles/most-recent/rss.xml
Cell Communication and Signaling    | http://biosignaling.biomedcentral.com/articles/most-recent/rss.xml
Cell Division    | http://celldiv.biomedcentral.com/articles/most-recent/rss.xml
Cellular & Molecular Biology Letters   Home | http://cmbl.biomedcentral.com/articles/most-recent/rss.xml
Cerebellum & Ataxias    | http://cerebellumandataxias.biomedcentral.com/articles/most-recent/rss.xml
Child and Adolescent Psychiatry and Mental Health    | http://capmh.biomedcentral.com/articles/most-recent/rss.xml
Chinese Journal of Cancer    | http://cjcjournal.biomedcentral.com/articles/most-recent/rss.xml
Chinese Medicine    | http://cmjournal.biomedcentral.com/articles/most-recent/rss.xml
Chinese Neurosurgical Journal    | http://cnjournal.biomedcentral.com/articles/most-recent/rss.xml
Chiropractic & Manual Therapies    | http://chiromt.biomedcentral.com/articles/most-recent/rss.xml
Cilia    | http://ciliajournal.biomedcentral.com/articles/most-recent/rss.xml
Climate Change Responses    | http://climatechangeresponses.biomedcentral.com/articles/most-recent/rss.xml
Clinical and Molecular Allergy    | http://clinicalmolecularallergy.biomedcentral.com/articles/most-recent/rss.xml
Clinical and Translational Allergy    | http://ctajournal.biomedcentral.com/articles/most-recent/rss.xml
Clinical Diabetes and Endocrinology    | http://clindiabetesendo.biomedcentral.com/articles/most-recent/rss.xml
Clinical Epigenetics    | http://clinicalepigeneticsjournal.biomedcentral.com/articles/most-recent/rss.xml
Clinical Hypertension    | http://clinicalhypertension.biomedcentral.com/articles/most-recent/rss.xml
Clinical Proteomics    | http://clinicalproteomicsjournal.biomedcentral.com/articles/most-recent/rss.xml
Clinical Sarcoma Research    | http://clinicalsarcomaresearch.biomedcentral.com/articles/most-recent/rss.xml
Conflict and Health    | http://conflictandhealth.biomedcentral.com/articles/most-recent/rss.xml
Contraception and Reproductive Medicine   Home | http://contraceptionmedicine.biomedcentral.com/articles/most-recent/rss.xml
COPD Research and Practice    | http://copdrp.biomedcentral.com/articles/most-recent/rss.xml
Cost Effectiveness and Resource Allocation    | http://resource-allocation.biomedcentral.com/articles/most-recent/rss.xml
Critical Care    | http://ccforum.biomedcentral.com/articles/most-recent/rss.xml
DARU Journal of Pharmaceutical Sciences    | http://darujps.biomedcentral.com/articles/most-recent/rss.xml
Diabetology & Metabolic Syndrome    | http://dmsjournal.biomedcentral.com/articles/most-recent/rss.xml
Diagnostic and Prognostic Research   Home | http://diagnprognres.biomedcentral.com/articles/most-recent/rss.xml
Diagnostic Pathology    | http://diagnosticpathology.biomedcentral.com/articles/most-recent/rss.xml
Disaster and Military Medicine    | http://disastermilitarymedicine.biomedcentral.com/articles/most-recent/rss.xml
Emerging Themes in Epidemiology    | http://ete-online.biomedcentral.com/articles/most-recent/rss.xml
Environmental Evidence    | http://environmentalevidencejournal.biomedcentral.com/articles/most-recent/rss.xml
Environmental Health    | http://ehjournal.biomedcentral.com/articles/most-recent/rss.xml
Environmental Health and Preventive Medicine   Home | http://environhealthprevmed.biomedcentral.com/articles/most-recent/rss.xml
Epigenetics & Chromatin    | http://epigeneticsandchromatin.biomedcentral.com/articles/most-recent/rss.xml
European Journal of Medical Research    | http://eurjmedres.biomedcentral.com/articles/most-recent/rss.xml
European Review of Aging and Physical Activity    | http://eurapa.biomedcentral.com/articles/most-recent/rss.xml
EvoDevo    | http://evodevojournal.biomedcentral.com/articles/most-recent/rss.xml
Experimental Hematology & Oncology    | http://ehoonline.biomedcentral.com/articles/most-recent/rss.xml
Extreme Physiology & Medicine    | http://extremephysiolmed.biomedcentral.com/articles/most-recent/rss.xml
Eye and Vision    | http://eandv.biomedcentral.com/articles/most-recent/rss.xml
Fertility Research and Practice    | http://fertilityresearchandpractice.biomedcentral.com/articles/most-recent/rss.xml
Fisheries and Aquatic Sciences   Home | http://fas.biomedcentral.com/articles/most-recent/rss.xml
Flavour    | http://flavourjournal.biomedcentral.com/articles/most-recent/rss.xml
Fluids and Barriers of the CNS    | http://fluidsbarrierscns.biomedcentral.com/articles/most-recent/rss.xml
Frontiers in Zoology    | http://frontiersinzoology.biomedcentral.com/articles/most-recent/rss.xml
Fungal Biology and Biotechnology    | http://fungalbiolbiotech.biomedcentral.com/articles/most-recent/rss.xml
Genes & Nutrition   Home | http://genesandnutrition.biomedcentral.com/articles/most-recent/rss.xml
Genes and Environment    | http://genesenvironment.biomedcentral.com/articles/most-recent/rss.xml
Genetics Selection Evolution    | http://gsejournal.biomedcentral.com/articles/most-recent/rss.xml
Genome Biology    | http://genomebiology.biomedcentral.com/articles/most-recent/rss.xml
Genome Biology    | http://genomebiology.biomedcentral.comhttp://genomemedicine.biomedcentral.com/articles/most-recent/rss.xml
Genome Medicine    | http://genomemedicine.biomedcentral.com/articles/most-recent/rss.xml
Global Health Research and Policy   Home | http://ghrp.biomedcentral.com/articles/most-recent/rss.xml
Globalization and Health    | http://globalizationandhealth.biomedcentral.com/articles/most-recent/rss.xml
Gut Pathogens    | http://gutpathogens.biomedcentral.com/articles/most-recent/rss.xml
Gynecologic Oncology Research and Practice    | http://gynoncrp.biomedcentral.com/articles/most-recent/rss.xml
Harm Reduction Journal    | http://harmreductionjournal.biomedcentral.com/articles/most-recent/rss.xml
Head & Face Medicine    | http://head-face-med.biomedcentral.com/articles/most-recent/rss.xml
Health and Quality of Life Outcomes    | http://hqlo.biomedcentral.com/articles/most-recent/rss.xml
Health Research Policy and Systems    | http://health-policy-systems.biomedcentral.com/articles/most-recent/rss.xml
Helgoland Marine Research   Home | http://hmr.biomedcentral.com/articles/most-recent/rss.xml
Hepatology, Medicine and Policy   Home | http://hmap.biomedcentral.com/articles/most-recent/rss.xml
Hereditary Cancer in Clinical Practice    | http://hccpjournal.biomedcentral.com/articles/most-recent/rss.xml
Hereditas    | http://hereditasjournal.biomedcentral.com/articles/most-recent/rss.xml
Human Genomics    | http://humgenomics.biomedcentral.com/articles/most-recent/rss.xml
Human Resources for Health    | http://human-resources-health.biomedcentral.com/articles/most-recent/rss.xml
Immunity & Ageing    | http://immunityageing.biomedcentral.com/articles/most-recent/rss.xml
Implementation Science    | http://implementationscience.biomedcentral.com/articles/most-recent/rss.xml
Infectious Agents and Cancer    | http://infectagentscancer.biomedcentral.com/articles/most-recent/rss.xml
Infectious Diseases of Poverty    | http://idpjournal.biomedcentral.com/articles/most-recent/rss.xml
Inflammation and Regeneration   Home | http://inflammregen.biomedcentral.com/articles/most-recent/rss.xml
International Breastfeeding Journal    | http://internationalbreastfeedingjournal.biomedcentral.com/articles/most-recent/rss.xml
International Journal for Equity in Health    | http://equityhealthj.biomedcentral.com/articles/most-recent/rss.xml
International Journal of Behavioral Nutrition and Physical Activity    | http://ijbnpa.biomedcentral.com/articles/most-recent/rss.xml
International Journal of Health Geographics    | http://ij-healthgeographics.biomedcentral.com/articles/most-recent/rss.xml
International Journal of Mental Health Systems    | http://ijmhs.biomedcentral.com/articles/most-recent/rss.xml
International Journal of Pediatric Endocrinology    | http://ijpeonline.biomedcentral.com/articles/most-recent/rss.xml
International Journal of Retina and Vitreous    | http://journalretinavitreous.biomedcentral.com/articles/most-recent/rss.xml
Irish Veterinary Journal    | http://irishvetjournal.biomedcentral.com/articles/most-recent/rss.xml
Israel Journal of Health Policy Research    | http://ijhpr.biomedcentral.com/articles/most-recent/rss.xml
Italian Journal of Pediatrics    | http://ijponline.biomedcentral.com/articles/most-recent/rss.xml
Journal for ImmunoTherapy of Cancer    | http://jitc.biomedcentral.comhttp://jitc.biomedcentral.com/articles/most-recent/rss.xml
Journal of Animal Science and Biotechnology    | http://jasbsci.biomedcentral.com/articles/most-recent/rss.xml
Journal of Animal Science and Technology    | http://janimscitechnol.biomedcentral.com/articles/most-recent/rss.xml
Journal of Biological Engineering    | http://jbioleng.biomedcentral.com/articles/most-recent/rss.xml
Journal of Biological Research-Thessaloniki    | http://jbiolres.biomedcentral.com/articles/most-recent/rss.xml
Journal of Biomedical Science    | http://jbiomedsci.biomedcentral.com/articles/most-recent/rss.xml
Journal of Biomedical Semantics    | http://jbiomedsem.biomedcentral.com/articles/most-recent/rss.xml
Journal of Cardiothoracic Surgery    | http://cardiothoracicsurgery.biomedcentral.com/articles/most-recent/rss.xml
Journal of Clinical Movement Disorders    | http://clinicalmovementdisorders.biomedcentral.com/articles/most-recent/rss.xml
Journal of Compassionate Health Care    | http://jcompassionatehc.biomedcentral.com/articles/most-recent/rss.xml
Journal of Diabetes & Metabolic Disorders    | http://jdmdonline.biomedcentral.com/articles/most-recent/rss.xml
Journal of Eating Disorders    | http://jeatdisord.biomedcentral.com/articles/most-recent/rss.xml
Journal of Ecology and Environment   Home | http://jecoenv.biomedcentral.com/articles/most-recent/rss.xml
Journal of Environmental Health Science and Engineering    | http://jehse.biomedcentral.com/articles/most-recent/rss.xml
Journal of Ethnobiology and Ethnomedicine    | http://ethnobiomed.biomedcentral.com/articles/most-recent/rss.xml
Journal of Experimental & Clinical Cancer Research    | http://jeccr.biomedcentral.com/articles/most-recent/rss.xml
Journal of Foot and Ankle Research    | http://jfootankleres.biomedcentral.com/articles/most-recent/rss.xml
Journal of Health, Population and Nutrition    | http://jhpn.biomedcentral.com/articles/most-recent/rss.xml
Journal of Hematology & Oncology    | http://jhoonline.biomedcentral.com/articles/most-recent/rss.xml
Journal of Inflammation    | http://journal-inflammation.biomedcentral.com/articles/most-recent/rss.xml
Journal of Intensive Care    | http://jintensivecare.biomedcentral.com/articles/most-recent/rss.xml
Journal of Medical Case Reports    | http://jmedicalcasereports.biomedcentral.com/articles/most-recent/rss.xml
Journal of Nanobiotechnology    | http://jnanobiotechnology.biomedcentral.com/articles/most-recent/rss.xml
Journal of Negative Results in BioMedicine    | http://jnrbm.biomedcentral.com/articles/most-recent/rss.xml
Journal of Neurodevelopmental Disorders    | http://jneurodevdisorders.biomedcentral.com/articles/most-recent/rss.xml
Journal of NeuroEngineering and Rehabilitation    | http://jneuroengrehab.biomedcentral.com/articles/most-recent/rss.xml
Journal of Neuroinflammation    | http://jneuroinflammation.biomedcentral.com/articles/most-recent/rss.xml
Journal of Occupational Medicine and Toxicology    | http://occup-med.biomedcentral.com/articles/most-recent/rss.xml
Journal of Orthopaedic Surgery and Research    | http://josr-online.biomedcentral.com/articles/most-recent/rss.xml
Journal of Otolaryngology - Head & Neck Surgery    | http://journalotohns.biomedcentral.com/articles/most-recent/rss.xml
Journal of Ovarian Research    | http://ovarianresearch.biomedcentral.com/articles/most-recent/rss.xml
Journal of Pharmaceutical Health Care and Sciences    | http://jphcs.biomedcentral.com/articles/most-recent/rss.xml
Journal of Pharmaceutical Policy and Practice    | http://joppp.biomedcentral.com/articles/most-recent/rss.xml
Journal of Physiological Anthropology    | http://jphysiolanthropol.biomedcentral.com/articles/most-recent/rss.xml
Journal of the International Society of Sports Nutrition    | http://jissn.biomedcentral.com/articles/most-recent/rss.xml
Journal of Therapeutic Ultrasound    | http://jtultrasound.biomedcentral.com/articles/most-recent/rss.xml
Journal of Translational Medicine    | http://translational-medicine.biomedcentral.com/articles/most-recent/rss.xml
Journal of Venomous Animals and Toxins including Tropical Diseases    | http://jvat.biomedcentral.com/articles/most-recent/rss.xml
Lipids in Health and Disease    | http://lipidworld.biomedcentral.com/articles/most-recent/rss.xml
Malaria Journal    | http://malariajournal.biomedcentral.com/articles/most-recent/rss.xml
Marine Biodiversity Records   Home | http://mbr.biomedcentral.com/articles/most-recent/rss.xml
Maternal Health, Neonatology and Perinatology    | http://mhnpjournal.biomedcentral.com/articles/most-recent/rss.xml
Microbial Cell Factories    | http://microbialcellfactories.biomedcentral.com/articles/most-recent/rss.xml
Microbiome    | http://microbiomejournal.biomedcentral.com/articles/most-recent/rss.xml
Military Medical Research    | http://mmrjournal.biomedcentral.com/articles/most-recent/rss.xml
Mobile DNA    | http://mobilednajournal.biomedcentral.com/articles/most-recent/rss.xml
Molecular Autism    | http://molecularautism.biomedcentral.com/articles/most-recent/rss.xml
Molecular Brain    | http://molecularbrain.biomedcentral.com/articles/most-recent/rss.xml
Molecular Cancer    | http://molecular-cancer.biomedcentral.com/articles/most-recent/rss.xml
Molecular Cytogenetics    | http://molecularcytogenetics.biomedcentral.com/articles/most-recent/rss.xml
Molecular Neurodegeneration    | http://molecularneurodegeneration.biomedcentral.com/articles/most-recent/rss.xml
Movement Ecology    | http://movementecologyjournal.biomedcentral.com/articles/most-recent/rss.xml
Multidisciplinary Respiratory Medicine    | http://mrmjournal.biomedcentral.com/articles/most-recent/rss.xml
Multiple Sclerosis and Demyelinating Disorders   Home | http://msddjournal.biomedcentral.com/articles/most-recent/rss.xml
Neural Development    | http://neuraldevelopment.biomedcentral.com/articles/most-recent/rss.xml
Neuropsychiatric Electrophysiology    | http://npepjournal.biomedcentral.com/articles/most-recent/rss.xml
Neurovascular Imaging    | http://nvijournal.biomedcentral.com/articles/most-recent/rss.xml
Nutrire    | http://nutrirejournal.biomedcentral.com/articles/most-recent/rss.xml
Nutrition & Metabolism    | http://nutritionandmetabolism.biomedcentral.com/articles/most-recent/rss.xml
Nutrition Journal    | http://nutritionj.biomedcentral.com/articles/most-recent/rss.xml
Orphanet Journal of Rare Diseases    | http://ojrd.biomedcentral.com/articles/most-recent/rss.xml
Parasites & Vectors    | http://parasitesandvectors.biomedcentral.com/articles/most-recent/rss.xml
Particle and Fibre Toxicology    | http://particleandfibretoxicology.biomedcentral.com/articles/most-recent/rss.xml
Patient Safety in Surgery    | http://pssjournal.biomedcentral.com/articles/most-recent/rss.xml
Pediatric Rheumatology    | http://ped-rheum.biomedcentral.com/articles/most-recent/rss.xml
Perioperative Medicine    | http://perioperativemedicinejournal.biomedcentral.com/articles/most-recent/rss.xml
Philosophy, Ethics, and Humanities in Medicine    | http://peh-med.biomedcentral.com/articles/most-recent/rss.xml
Pilot and Feasibility Studies    | http://pilotfeasibilitystudies.biomedcentral.com/articles/most-recent/rss.xml
Plant Methods    | http://plantmethods.biomedcentral.com/articles/most-recent/rss.xml
Pneumonia   Home | http://pneumonia.biomedcentral.com/articles/most-recent/rss.xml
Population Health Metrics    | http://pophealthmetrics.biomedcentral.com/articles/most-recent/rss.xml
Porcine Health Management    | http://porcinehealthmanagement.biomedcentral.com/articles/most-recent/rss.xml
Proteome Science    | http://proteomesci.biomedcentral.com/articles/most-recent/rss.xml
Public Health Reviews    | http://publichealthreviews.biomedcentral.com/articles/most-recent/rss.xml
Radiation Oncology    | http://ro-journal.biomedcentral.com/articles/most-recent/rss.xml
Renal Replacement Therapy    | http://rrtjournal.biomedcentral.com/articles/most-recent/rss.xml
Reproductive Biology and Endocrinology    | http://rbej.biomedcentral.com/articles/most-recent/rss.xml
Reproductive Health    | http://reproductive-health-journal.biomedcentral.com/articles/most-recent/rss.xml
Research Integrity and Peer Review   Home | http://researchintegrityjournal.biomedcentral.com/articles/most-recent/rss.xml
Research Involvement and Engagement    | http://researchinvolvement.biomedcentral.com/articles/most-recent/rss.xml
Respiratory Research    | http://respiratory-research.biomedcentral.com/articles/most-recent/rss.xml
Retrovirology    | http://retrovirology.biomedcentral.com/articles/most-recent/rss.xml
Revista Chilena de Historia Natural    | http://revchilhistnat.biomedcentral.com/articles/most-recent/rss.xml
Safety in Health    | http://safetyinhealth.biomedcentral.com/articles/most-recent/rss.xml
Scandinavian Journal of Trauma, Resuscitation and Emergency Medicine    | http://sjtrem.biomedcentral.com/articles/most-recent/rss.xml
Scoliosis and Spinal Disorders    | http://scoliosisjournal.biomedcentral.com/articles/most-recent/rss.xml
Skeletal Muscle    | http://skeletalmusclejournal.biomedcentral.com/articles/most-recent/rss.xml
Sleep Science and Practice   Home | http://sleep.biomedcentral.com/articles/most-recent/rss.xml
Source Code for Biology and Medicine    | http://scfbm.biomedcentral.com/articles/most-recent/rss.xml
Standards in Genomic Sciences    | http://standardsingenomics.biomedcentral.com/articles/most-recent/rss.xml
Stem Cell Research & Therapy    | http://stemcellres.biomedcentral.com/articles/most-recent/rss.xml
Substance Abuse Treatment, Prevention, and Policy    | http://substanceabusepolicy.biomedcentral.com/articles/most-recent/rss.xml
Systematic Reviews    | http://systematicreviewsjournal.biomedcentral.com/articles/most-recent/rss.xml
Theoretical Biology and Medical Modelling    | http://tbiomed.biomedcentral.com/articles/most-recent/rss.xml
Thrombosis Journal    | http://thrombosisjournal.biomedcentral.com/articles/most-recent/rss.xml
Thyroid Research    | http://thyroidresearchjournal.biomedcentral.com/articles/most-recent/rss.xml
Tobacco Induced Diseases    | http://tobaccoinduceddiseases.biomedcentral.com/articles/most-recent/rss.xml
Translational Medicine Communications    | http://transmedcomms.biomedcentral.com/articles/most-recent/rss.xml
Translational Neurodegeneration    | http://translationalneurodegeneration.biomedcentral.com/articles/most-recent/rss.xml
Trials    | http://trialsjournal.biomedcentral.com/articles/most-recent/rss.xml
Tropical Diseases, Travel Medicine and Vaccines    | http://tdtmvjournal.biomedcentral.com/articles/most-recent/rss.xml
Tropical Medicine and Health    | http://tropmedhealth.biomedcentral.com/articles/most-recent/rss.xml
Veterinary Research    | http://veterinaryresearch.biomedcentral.com/articles/most-recent/rss.xml
Virology Journal    | http://virologyj.biomedcentral.com/articles/most-recent/rss.xml
Women's Midlife Health    | http://womensmidlifehealthjournal.biomedcentral.com/articles/most-recent/rss.xml
World Allergy Organization Journal    | http://waojournal.biomedcentral.com/articles/most-recent/rss.xml
World Journal of Emergency Surgery    | http://wjes.biomedcentral.com/articles/most-recent/rss.xml
World Journal of Surgical Oncology    | http://wjso.biomedcentral.com/articles/most-recent/rss.xml
eLIFE | https://elifesciences.org/rss/recent.xml
Frontiers in Aging Neuroscience  | http://journal.frontiersin.org/journal/aging-neuroscience/rss
Frontiers in Applied Mathematics and Statistics  | http://journal.frontiersin.org/journal/applied-mathematics-and-statistics/rss
Frontiers in Astronomy and Space Sciences  | http://journal.frontiersin.org/journal/astronomy-and-space-sciences/rss
Frontiers in Behavioral Neuroscience  | http://journal.frontiersin.org/journal/behavioral-neuroscience/rss
Frontiers in Bioengineering and Biotechnology  | http://journal.frontiersin.org/journal/bioengineering-and-biotechnology/rss
Frontiers in Built Environment  | http://journal.frontiersin.org/journal/built-environment/rss
Frontiers in Cardiovascular Medicine  | http://journal.frontiersin.org/journal/cardiovascular-medicine/rss
Frontiers in Cell and Developmental Biology  | http://journal.frontiersin.org/journal/cell-and-developmental-biology/rss
Frontiers in Cellular and Infection Microbiology  | http://journal.frontiersin.org/journal/cellular-and-infection-microbiology/rss
Frontiers in Cellular Neuroscience  | http://journal.frontiersin.org/journal/cellular-neuroscience/rss
Frontiers in Chemistry  | http://journal.frontiersin.org/journal/chemistry/rss
Frontiers in Communication  | http://journal.frontiersin.org/journal/communication/rss
Frontiers in Computational Neuroscience  | http://journal.frontiersin.org/journal/computational-neuroscience/rss
Frontiers in Digital Humanities  | http://journal.frontiersin.org/journal/digital-humanities/rss
Frontiers in Earth Science  | http://journal.frontiersin.org/journal/earth-science/rss
Frontiers in Ecology and Evolution  | http://journal.frontiersin.org/journal/ecology-and-evolution/rss
Frontiers in Education  | http://journal.frontiersin.org/journal/education/rss
Frontiers in Endocrinology  | http://journal.frontiersin.org/journal/endocrinology/rss
Frontiers in Energy Research  | http://journal.frontiersin.org/journal/energy-research/rss
Frontiers in Environmental Science  | http://journal.frontiersin.org/journal/environmental-science/rss
Frontiers in Evolutionary Neuroscience  | http://journal.frontiersin.org/journal/evolutionary-neuroscience/rss
Frontiers in Genetics  | http://journal.frontiersin.org/journal/genetics/rss
Frontiers in Human Neuroscience  | http://journal.frontiersin.org/journal/human-neuroscience/rss
Frontiers in ICT  | http://journal.frontiersin.org/journal/ict/rss
Frontiers in Immunology  | http://journal.frontiersin.org/journal/immunology/rss
Frontiers in Integrative Neuroscience  | http://journal.frontiersin.org/journal/integrative-neuroscience/rss
Frontiers in Marine Science  | http://journal.frontiersin.org/journal/marine-science/rss
Frontiers in Materials  | http://journal.frontiersin.org/journal/materials/rss
Frontiers in Mechanical Engineering  | http://journal.frontiersin.org/journal/mechanical-engineering/rss
Frontiers in Medicine  | http://journal.frontiersin.org/journal/medicine/rss
Frontiers in Microbiology  | http://journal.frontiersin.org/journal/microbiology/rss
Frontiers in Molecular Biosciences  | http://journal.frontiersin.org/journal/molecular-biosciences/rss
Frontiers in Molecular Neuroscience  | http://journal.frontiersin.org/journal/molecular-neuroscience/rss
Frontiers in Neural Circuits  | http://journal.frontiersin.org/journal/neural-circuits/rss
Frontiers in Neuroanatomy  | http://journal.frontiersin.org/journal/neuroanatomy/rss
Frontiers in Neuroenergetics  | http://journal.frontiersin.org/journal/neuroenergetics/rss
Frontiers in Neuroengineering  | http://journal.frontiersin.org/journal/neuroengineering/rss
Frontiers in Neuroinformatics  | http://journal.frontiersin.org/journal/neuroinformatics/rss
Frontiers in Neurology  | http://journal.frontiersin.org/journal/neurology/rss
Frontiers in Neurorobotics  | http://journal.frontiersin.org/journal/neurorobotics/rss
Frontiers in Neuroscience  | http://journal.frontiersin.org/journal/neuroscience/rss
Frontiers in Nutrition  | http://journal.frontiersin.org/journal/nutrition/rss
Frontiers in Oncology  | http://journal.frontiersin.org/journal/oncology/rss
Frontiers in Pediatrics  | http://journal.frontiersin.org/journal/pediatrics/rss
Frontiers in Pharmacology  | http://journal.frontiersin.org/journal/pharmacology/rss
Frontiers in Physics  | http://journal.frontiersin.org/journal/physics/rss
Frontiers in Physiology  | http://journal.frontiersin.org/journal/physiology/rss
Frontiers in Plant Science  | http://journal.frontiersin.org/journal/plant-science/rss
Frontiers in Psychiatry  | http://journal.frontiersin.org/journal/psychiatry/rss
Frontiers in Psychology  | http://journal.frontiersin.org/journal/psychology/rss
Frontiers in Public Health  | http://journal.frontiersin.org/journal/public-health/rss
Frontiers in Research Metrics and Analytics  | http://journal.frontiersin.org/journal/research-metrics-and-analytics/rss
Frontiers in Robotics and AI  | http://journal.frontiersin.org/journal/robotics-and-ai/rss
Frontiers in Sociology  | http://journal.frontiersin.org/journal/sociology/rss
Frontiers in Surgery  | http://journal.frontiersin.org/journal/surgery/rss
Frontiers in Synaptic Neuroscience  | http://journal.frontiersin.org/journal/synaptic-neuroscience/rss
Frontiers in Systems Neuroscience  | http://journal.frontiersin.org/journal/systems-neuroscience/rss
Frontiers in Veterinary Science  | http://journal.frontiersin.org/journal/veterinary-science/rss
Frontiers for Young Minds  | http://journal.frontiersin.org/journal/frontiers-for-young-minds/rss
Journal of Experimental Biology | http://jeb.biologists.org/rss/current.xml
2DM  | http://iopscience.iop.org/2053-1583/?rss=1
ANSN  | http://iopscience.iop.org/2043-6262/?rss=1
APEX  | http://iopscience.iop.org/1882-0786/?rss=1
AJ  | http://iopscience.iop.org/1538-3881/?rss=1
The Astrophysical Journal  | http://iopscience.iop.org/0004-637X/?rss=1
ApJ Letters  | http://iopscience.iop.org/1538-4357/?rss=1
ApJ Supplement  | http://iopscience.iop.org/0067-0049/?rss=1
Biofabrication  | http://iopscience.iop.org/1758-5090/?rss=1
Bioinspiration &amp; Biomimetics  | http://iopscience.iop.org/1748-3190/?rss=1
Biomedical Materials  | http://iopscience.iop.org/1748-605X/?rss=1
BPEX  | http://iopscience.iop.org/2057-1976/?rss=1
Chinese Journal of Astronomy and Astrophysics  | http://iopscience.iop.org/1009-9271/?rss=1
Chinese Journal of Chemical Physics  | http://iopscience.iop.org/1674-0068/?rss=1
Chinese Physics B  | http://iopscience.iop.org/1674-1056/?rss=1
Chinese Physics Letters  | http://iopscience.iop.org/0256-307X/?rss=1
Classical and Quantum Gravity  | http://iopscience.iop.org/0264-9381/?rss=1
Communications in Theoretical Physics  | http://iopscience.iop.org/0253-6102/?rss=1
Convergent Science Physical Oncology  | http://iopscience.iop.org/2057-1739/?rss=1
EPL  | http://iopscience.iop.org/0295-5075/?rss=1
Environmental Research Letters  | http://iopscience.iop.org/1748-9326/?rss=1
European Journal of Physics  | http://iopscience.iop.org/0143-0807/?rss=1
Inverse Problems  | http://iopscience.iop.org/0266-5611/?rss=1
IOP Conference Series: Earth and Environmental Science  | http://iopscience.iop.org/1755-1315/?rss=1
IOP Conference Series: Materials Science and Engineering  | http://iopscience.iop.org/1757-899X/?rss=1
Izvestiya: Mathematics  | http://iopscience.iop.org/1064-5632/?rss=1
Japanese Journal of Applied Physics  | http://iopscience.iop.org/1347-4065/?rss=1
Journal of Breath Research  | http://iopscience.iop.org/1752-7163/?rss=1
Journal of Cosmology and Astroparticle Physics  | http://iopscience.iop.org/1475-7516/?rss=1
Journal of Geophysics and Engineering  | http://iopscience.iop.org/1742-2140/?rss=1
Journal of Instrumentation  | http://iopscience.iop.org/1748-0221/?rss=1
Journal of Micromechanics and Microengineering  | http://iopscience.iop.org/0960-1317/?rss=1
Journal of Neural Engineering  | http://iopscience.iop.org/1741-2552/?rss=1
Journal of Optics  | http://iopscience.iop.org/2040-8986/?rss=1
Journal of Physics A: Mathematical and General  | http://iopscience.iop.org/0305-4470/?rss=1
Journal of Physics A: Mathematical and Theoretical  | http://iopscience.iop.org/1751-8121/?rss=1
Journal of Physics B: Atomic, Molecular and Optical Physics  | http://iopscience.iop.org/0953-4075/?rss=1
Journal of Physics D: Applied Physics  | http://iopscience.iop.org/0022-3727/?rss=1
Journal of Physics G: Nuclear and Particle Physics  | http://iopscience.iop.org/0954-3899/?rss=1
Journal of Physics: Condensed Matter  | http://iopscience.iop.org/0953-8984/?rss=1
Journal of Physics: Conference Series  | http://iopscience.iop.org/1742-6596/?rss=1
Journal of Radiological Protection  | http://iopscience.iop.org/0952-4746/?rss=1
Journal of Semiconductors  | http://iopscience.iop.org/1674-4926/?rss=1
Journal of Statistical Mechanics: Theory and Experiment  | http://iopscience.iop.org/1742-5468/?rss=1
Laser Physics  | http://iopscience.iop.org/1555-6611/?rss=1
Laser Physics Letters  | http://iopscience.iop.org/1612-202X/?rss=1
Materials Research Express  | http://iopscience.iop.org/2053-1591/?rss=1
Measurement Science and Technology  | http://iopscience.iop.org/0957-0233/?rss=1
Methods and Applications in Fluorescence  | http://iopscience.iop.org/2050-6120/?rss=1
Metrologia  | http://iopscience.iop.org/0026-1394/?rss=1
Modelling and Simulation in Materials Science and Engineering  | http://iopscience.iop.org/0965-0393/?rss=1
Nanotechnology  | http://iopscience.iop.org/0957-4484/?rss=1
New Journal of Physics  | http://iopscience.iop.org/1367-2630/?rss=1
Nonlinearity  | http://iopscience.iop.org/0951-7715/?rss=1
Nuclear Fusion  | http://iopscience.iop.org/0029-5515/?rss=1
Physica Scripta  | http://iopscience.iop.org/1402-4896/?rss=1
Physical Biology  | http://iopscience.iop.org/1478-3975/?rss=1
Physics Education  | http://iopscience.iop.org/0031-9120/?rss=1
Physics in Medicine & Biology  | http://iopscience.iop.org/0031-9155/?rss=1
Physics World  | http://iopscience.iop.org/2058-7058/?rss=1
Physics-Uspekhi  | http://iopscience.iop.org/1063-7869/?rss=1
Physiological Measurement  | http://iopscience.iop.org/0967-3334/?rss=1
Plasma Physics and Controlled Fusion  | http://iopscience.iop.org/0741-3335/?rss=1
Plasma Science and Technology  | http://iopscience.iop.org/1009-0630/?rss=1
Plasma Sources Science and Technology  | http://iopscience.iop.org/0963-0252/?rss=1
Publications of the Astronomical Society of the Pacific  | http://iopscience.iop.org/1538-3873/?rss=1
Quantum Electronics  | http://iopscience.iop.org/1063-7818/?rss=1
Quantum Science and Technology  | http://iopscience.iop.org/2058-9565/?rss=1
Reports on Progress in Physics  | http://iopscience.iop.org/0034-4885/?rss=1
Research in Astronomy and Astrophysics  | http://iopscience.iop.org/1674-4527/?rss=1
Russian Chemical Reviews  | http://iopscience.iop.org/0036-021X/?rss=1
Russian Mathematical Surveys  | http://iopscience.iop.org/0036-0279/?rss=1
Sbornik: Mathematics  | http://iopscience.iop.org/1064-5616/?rss=1
Semiconductor Science and Technology  | http://iopscience.iop.org/0268-1242/?rss=1
Smart Materials and Structures  | http://iopscience.iop.org/0964-1726/?rss=1
Superconductor Science and Technology  | http://iopscience.iop.org/0953-2048/?rss=1
Surface Topography  | http://iopscience.iop.org/2051-672X/?rss=1
Translational Materials Research  | http://iopscience.iop.org/2053-1613/?rss=1
